,precision,recall,f1-score,support
Normal,0.9362745098039216,0.9662731871838112,0.9510373443983404,593.0
Hate,0.973753280839895,0.9500640204865557,0.9617627997407647,781.0
accuracy,0.9570596797671034,0.9570596797671034,0.9570596797671034,0.9570596797671034
macro avg,0.9550138953219083,0.9581686038351834,0.9564000720695526,1374.0
weighted avg,0.9575779451598863,0.9570596797671034,0.9571338368455263,1374.0
