epoch,train_loss,eval_loss,train_accuracy,eval_accuracy
1.0,0.6205,0.3868699073791504,,0.8379360465116279
2.0,0.363,0.3265640437602997,,0.8699127906976745
3.0,0.249,0.3182320296764374,,0.8851744186046512
4.0,0.1626,0.3987513780593872,,0.875
5.0,0.1048,0.45603498816490173,,0.876453488372093
