,precision,recall,f1-score,support
Normal,0.8571428571428571,0.8600337268128162,0.8585858585858585,593.0
Hate,0.8934531450577664,0.8911651728553137,0.8923076923076924,781.0
accuracy,0.8777292576419214,0.8777292576419214,0.8777292576419214,0.8777292576419214
macro avg,0.8752980011003118,0.8755994498340649,0.8754467754467754,1374.0
weighted avg,0.8777821110449999,0.8777292576419214,0.877753800461224,1374.0
