epoch,train_loss,eval_loss,train_accuracy,eval_accuracy
1.0,0.4785,0.31286200881004333,,0.8771802325581395
2.0,0.278,0.2901932895183563,,0.8844476744186046
3.0,0.1973,0.2942974269390106,,0.8946220930232558
4.0,0.1342,0.4168567657470703,,0.8909883720930233
5.0,0.0883,0.516064465045929,,0.8953488372093024
